date,total_appointments,avg_temp,avg_rain,rainy_day_before,pct_elderly,pct_hypertension,pct_diabetes,pct_sms,spec_unknown,spec_assist,spec_enf,spec_occupational_therapy,spec_pedagogo,spec_physiotherapy,spec_psychotherapy,spec_sem_especialidade,spec_speech_therapy,place_b._camboriu,place_camboriu,place_itajaí,place_navegantes,place_unknown,place_other,day_of_week,month,year,is_weekend,lag_1,lag_7,lag_14
2020-01-15,17,19.770000000000003,0.03882352941176471,1,0.11764705882352941,0.058823529411764705,0.058823529411764705,0.29411764705882354,4,0,1,3,0,4,4,0,1,3,0,3,0,3,8,2,1,2020,0,14.0,32.0,25.0
2020-01-16,17,20.269411764705882,0.12058823529411763,1,0.11764705882352941,0.11764705882352941,0.0,0.5882352941176471,3,0,2,3,0,2,3,0,4,0,1,4,0,1,11,3,1,2020,0,17.0,17.0,33.0
2020-01-17,29,20.336206896551722,0.21758620689655175,1,0.0,0.034482758620689655,0.0,0.27586206896551724,8,0,0,5,2,5,6,0,3,1,0,6,0,4,18,4,1,2020,0,17.0,38.0,18.0
2020-01-20,8,20.51625,0.37125,1,0.0,0.0,0.0,0.375,1,0,0,1,1,0,4,0,1,0,0,1,0,1,6,0,1,2020,0,19.0,5.0,2.0
2020-01-21,6,19.036666666666665,0.05166666666666667,1,0.16666666666666666,0.16666666666666666,0.0,0.16666666666666666,1,0,0,0,1,2,1,0,1,1,0,1,0,0,4,1,1,2020,0,8.0,14.0,7.0
2020-01-22,15,20.566,0.14666666666666667,1,0.0,0.06666666666666667,0.0,0.13333333333333333,2,0,0,4,1,3,4,0,1,0,0,3,0,1,11,2,1,2020,0,6.0,17.0,32.0
2020-01-23,13,17.626153846153844,0.06307692307692309,1,0.07692307692307693,0.0,0.0,0.23076923076923078,3,0,0,2,0,4,2,0,2,0,1,3,1,2,6,3,1,2020,0,15.0,17.0,17.0
2020-01-24,11,19.900000000000002,0.13272727272727275,1,0.09090909090909091,0.0,0.0,0.18181818181818182,3,0,0,1,0,2,1,0,4,1,0,1,1,2,6,4,1,2020,0,13.0,29.0,38.0
2020-01-27,21,19.960476190476193,0.16,1,0.09523809523809523,0.09523809523809523,0.047619047619047616,0.38095238095238093,6,0,0,3,0,2,5,0,5,0,0,4,1,4,12,0,1,2020,0,18.0,8.0,5.0
2020-01-28,18,18.46611111111111,0.04666666666666667,1,0.05555555555555555,0.0,0.0,0.3333333333333333,3,0,1,0,0,3,4,0,7,0,0,3,1,4,10,1,1,2020,0,21.0,6.0,14.0
2020-01-29,90,20.54288888888889,0.15733333333333333,1,0.07777777777777778,0.03333333333333333,0.011111111111111112,0.32222222222222224,19,1,3,3,4,18,26,1,15,6,6,17,6,8,47,2,1,2020,0,18.0,15.0,17.0
2020-01-30,145,20.22937931034483,0.21786206896551724,1,0.06206896551724138,0.0896551724137931,0.013793103448275862,0.3103448275862069,23,1,2,21,1,24,41,1,31,4,11,35,4,19,72,3,1,2020,0,90.0,13.0,17.0
2020-01-31,95,20.434631578947368,0.19410526315789475,1,0.07368421052631578,0.06315789473684211,0.06315789473684211,0.3368421052631579,17,1,2,9,5,18,27,2,14,3,4,15,1,8,64,4,1,2020,0,145.0,11.0,29.0
2020-02-03,3,17.926666666666666,0.5133333333333333,1,0.0,0.0,0.0,0.3333333333333333,1,0,0,0,0,0,0,0,2,0,1,1,0,0,1,0,2,2020,0,129.0,21.0,8.0
2020-02-04,404,20.199207920792077,0.13076732673267327,1,0.06930693069306931,0.05693069306930693,0.017326732673267328,0.3217821782178218,76,2,5,45,14,82,90,0,90,21,23,83,13,37,227,1,2,2020,0,3.0,18.0,6.0
2020-02-05,573,20.20193717277487,0.18195462478184993,1,0.06980802792321117,0.05759162303664921,0.03315881326352531,0.3106457242582897,113,5,4,61,11,112,155,1,111,44,27,109,20,62,311,2,2,2020,0,404.0,90.0,15.0
2020-02-06,394,20.241395939086292,0.19220812182741118,1,0.06852791878172589,0.0532994923857868,0.02284263959390863,0.3147208121827411,79,1,7,43,15,74,93,1,81,13,18,69,16,33,245,3,2,2020,0,573.0,145.0,13.0
2020-02-07,454,20.47193832599119,0.20444933920704847,1,0.07268722466960352,0.05947136563876652,0.039647577092511016,0.32819383259911894,78,4,6,36,16,85,131,0,98,24,16,89,21,40,264,4,2,2020,0,394.0,95.0,11.0
2020-02-10,1,19.78,0.0,1,0.0,0.0,0.0,0.0,0,0,0,0,0,0,1,0,0,1,0,0,0,0,0,0,2,2020,0,3.0,3.0,21.0
2020-02-11,462,20.289761904761907,0.1726839826839827,1,0.06277056277056277,0.06277056277056277,0.02813852813852814,0.3116883116883117,87,6,5,41,23,84,110,1,105,26,25,115,10,40,246,1,2,2020,0,1.0,404.0,18.0
2020-02-12,575,20.41333913043478,0.1801913043478261,1,0.07652173913043478,0.04,0.020869565217391306,0.2921739130434783,109,4,9,66,18,110,146,0,113,51,28,104,31,49,312,2,2,2020,0,462.0,573.0,90.0
2020-02-13,448,20.326986607142857,0.19410714285714284,1,0.06919642857142858,0.078125,0.015625,0.32142857142857145,90,4,7,41,16,87,117,1,85,23,18,87,16,50,254,3,2,2020,0,575.0,394.0,145.0
2020-02-14,524,20.5899427480916,0.17994274809160307,1,0.05916030534351145,0.05152671755725191,0.011450381679389313,0.32633587786259544,90,1,8,56,9,105,137,1,117,21,32,85,32,56,298,4,2,2020,0,448.0,454.0,95.0
2020-02-17,390,20.31297435897436,0.17825641025641026,1,0.06153846153846154,0.046153846153846156,0.015384615384615385,0.3128205128205128,77,2,6,33,7,85,100,2,78,26,14,77,17,46,210,0,2,2020,0,6.0,1.0,3.0
2020-02-18,287,20.37780487804878,0.19149825783972127,1,0.08362369337979095,0.06968641114982578,0.0313588850174216,0.2857142857142857,69,3,10,47,7,51,58,0,42,21,17,69,6,33,141,1,2,2020,0,390.0,462.0,404.0
2020-02-19,221,20.219819004524886,0.15565610859728507,1,0.06787330316742081,0.05429864253393665,0.02262443438914027,0.38009049773755654,42,2,1,35,6,44,53,1,37,10,11,31,9,31,129,2,2,2020,0,287.0,575.0,573.0
2020-02-20,438,20.549200913242007,0.1430365296803653,1,0.0730593607305936,0.06164383561643835,0.02511415525114155,0.3287671232876712,75,4,7,31,24,89,116,1,91,19,21,95,13,46,244,3,2,2020,0,221.0,448.0,394.0
2020-02-21,475,20.249852631578946,0.17576842105263157,1,0.05052631578947368,0.05473684210526316,0.035789473684210524,0.3094736842105263,94,3,8,55,13,89,129,1,83,27,22,85,15,57,269,4,2,2020,0,438.0,524.0,454.0
2020-02-24,550,20.368363636363636,0.1807090909090909,1,0.07090909090909091,0.04363636363636364,0.02909090909090909,0.29818181818181816,117,1,7,57,22,122,124,1,99,29,27,84,20,48,342,0,2,2020,0,9.0,390.0,1.0
2020-02-25,628,20.63391719745223,0.19818471337579618,1,0.06528662420382166,0.050955414012738856,0.025477707006369428,0.3200636942675159,104,7,12,54,16,122,167,2,144,29,32,112,21,61,373,1,2,2020,0,550.0,287.0,462.0
2020-02-26,436,20.18369266055046,0.2003211009174312,1,0.06192660550458716,0.06651376146788991,0.016055045871559634,0.32339449541284404,67,3,7,51,10,80,125,1,92,32,33,86,16,33,236,2,2,2020,0,628.0,221.0,575.0
2020-02-27,525,20.389657142857143,0.1955047619047619,1,0.07809523809523809,0.05904761904761905,0.02095238095238095,0.30857142857142855,112,1,13,44,22,99,135,1,98,27,19,110,19,60,290,3,2,2020,0,436.0,438.0,448.0
2020-02-28,610,20.219688524590165,0.1683934426229508,1,0.06557377049180328,0.047540983606557376,0.027868852459016394,0.2836065573770492,120,5,9,58,16,115,171,1,115,39,28,112,26,60,345,4,2,2020,0,525.0,475.0,524.0
2020-03-02,216,20.525462962962962,0.13962962962962963,1,0.046296296296296294,0.06481481481481481,0.009259259259259259,0.2962962962962963,47,3,2,19,7,38,61,0,39,8,9,37,5,26,131,0,3,2020,0,5.0,550.0,390.0
2020-03-03,695,20.282705035971222,0.1705611510791367,1,0.06762589928057554,0.06330935251798561,0.02302158273381295,0.30935251798561153,115,5,8,75,31,140,178,6,137,38,30,152,32,72,371,1,3,2020,0,216.0,628.0,287.0
2020-03-04,455,20.530395604395604,0.1843956043956044,1,0.07912087912087912,0.06373626373626373,0.01978021978021978,0.3098901098901099,94,4,10,51,18,86,106,2,84,27,30,83,13,43,259,2,3,2020,0,695.0,436.0,221.0
2020-03-05,374,20.141122994652406,0.18200534759358292,1,0.07219251336898395,0.045454545454545456,0.026737967914438502,0.2994652406417112,71,3,8,38,9,64,103,0,78,13,20,66,12,42,221,3,3,2020,0,455.0,525.0,438.0
2020-03-06,578,20.33773356401384,0.18634948096885812,1,0.08131487889273356,0.05536332179930796,0.029411764705882353,0.3166089965397924,95,2,7,52,15,128,152,2,125,30,26,125,19,52,326,4,3,2020,0,374.0,610.0,475.0
2020-03-09,191,20.247277486910995,0.1594764397905759,1,0.08376963350785341,0.05759162303664921,0.020942408376963352,0.2617801047120419,37,2,3,23,7,33,54,0,32,13,7,37,7,19,108,0,3,2020,0,6.0,216.0,550.0
2020-03-10,308,20.074415584415586,0.17396103896103896,1,0.07467532467532467,0.06493506493506493,0.025974025974025976,0.3181818181818182,64,3,6,28,12,59,76,2,58,18,11,57,11,27,184,1,3,2020,0,191.0,695.0,628.0
2020-03-11,220,20.318227272727274,0.1625,1,0.07727272727272727,0.06363636363636363,0.04090909090909091,0.3181818181818182,44,2,6,18,12,30,57,0,51,11,5,49,2,30,123,2,3,2020,0,308.0,455.0,436.0
2020-03-12,274,20.479525547445256,0.1809124087591241,1,0.08029197080291971,0.08759124087591241,0.025547445255474453,0.3102189781021898,48,4,5,24,10,47,70,2,64,21,12,62,12,25,142,3,3,2020,0,220.0,374.0,525.0
2020-03-13,417,20.43702637889688,0.18369304556354915,1,0.05275779376498801,0.05755395683453238,0.02158273381294964,0.302158273381295,75,3,6,41,15,81,112,3,81,19,20,87,13,43,235,4,3,2020,0,274.0,578.0,610.0
2020-03-16,363,20.627272727272725,0.20294765840220386,1,0.05785123966942149,0.05509641873278237,0.024793388429752067,0.2727272727272727,73,2,7,42,13,65,81,1,79,21,17,75,10,35,205,0,3,2020,0,198.0,191.0,216.0
2020-03-17,148,20.46141891891892,0.2137162162162162,1,0.10135135135135136,0.06756756756756757,0.006756756756756757,0.33783783783783783,31,2,4,15,6,19,36,1,34,9,8,24,7,14,86,1,3,2020,0,363.0,308.0,695.0
2020-03-18,210,20.770619047619046,0.1667142857142857,1,0.05714285714285714,0.047619047619047616,0.03333333333333333,0.24761904761904763,35,0,4,20,5,33,69,0,44,13,10,35,8,23,121,2,3,2020,0,148.0,220.0,455.0
2020-03-19,7,20.381428571428568,0.03142857142857143,1,0.2857142857142857,0.0,0.0,0.2857142857142857,0,0,0,1,1,2,0,0,3,0,0,1,2,1,3,3,3,2020,0,210.0,274.0,374.0
2020-03-20,3,19.576666666666668,0.1366666666666667,1,0.0,0.0,0.0,0.3333333333333333,2,0,0,0,0,1,0,0,0,0,0,0,0,0,3,4,3,2020,0,7.0,417.0,578.0
2020-03-23,431,20.377633410672853,0.20415313225058004,1,0.0765661252900232,0.06728538283062645,0.025522041763341066,0.3109048723897912,68,1,7,50,13,91,124,1,76,28,20,85,17,45,236,0,3,2020,0,222.0,363.0,191.0
2020-03-24,287,20.042334494773517,0.1621951219512195,1,0.07317073170731707,0.05574912891986063,0.027874564459930314,0.3310104529616725,48,3,2,27,4,69,78,0,56,15,8,59,11,25,169,1,3,2020,0,431.0,148.0,308.0
2020-03-25,369,20.57620596205962,0.1948238482384824,1,0.06775067750677506,0.07046070460704607,0.024390243902439025,0.2953929539295393,65,1,6,40,10,77,103,2,65,21,14,62,8,28,236,2,3,2020,0,287.0,210.0,220.0
2020-03-26,8,21.95375,0.09625,1,0.375,0.25,0.25,0.375,2,0,0,2,0,2,1,0,1,0,1,2,0,1,4,3,3,2020,0,369.0,7.0,274.0
2020-03-27,8,21.27,0.1575,1,0.0,0.0,0.0,0.125,1,0,0,1,0,3,2,0,1,1,1,2,1,1,2,4,3,2020,0,8.0,3.0,417.0
2020-03-30,752,20.210505319148936,0.19538563829787234,1,0.07047872340425532,0.05319148936170213,0.02127659574468085,0.31117021276595747,148,7,7,96,26,133,172,3,160,48,43,153,35,78,395,0,3,2020,0,599.0,431.0,363.0
2020-03-31,360,20.574444444444445,0.18466666666666667,1,0.09166666666666666,0.058333333333333334,0.019444444444444445,0.28055555555555556,63,1,8,52,8,67,99,2,60,17,20,56,11,28,228,1,3,2020,0,752.0,287.0,148.0
2020-04-01,667,20.313163418290852,0.20317841079460272,1,0.06596701649175413,0.050974512743628186,0.014992503748125937,0.3028485757121439,112,6,11,74,22,122,184,1,135,47,34,126,26,66,368,2,4,2020,0,360.0,369.0,210.0
2020-04-02,6,17.821666666666665,0.06500000000000002,1,0.0,0.16666666666666666,0.0,0.16666666666666666,1,0,0,0,1,2,1,0,1,1,1,1,0,1,2,3,4,2020,0,667.0,8.0,7.0
2020-04-03,1,27.25,0.26,1,0.0,0.0,0.0,0.0,0,0,0,1,0,0,0,0,0,0,0,0,0,0,1,4,4,2020,0,6.0,8.0,3.0
2020-04-06,830,20.494710843373493,0.1934578313253012,1,0.0783132530120482,0.04457831325301205,0.00963855421686747,0.3156626506024096,150,2,11,77,44,154,226,3,163,51,34,171,31,72,471,0,4,2020,0,521.0,752.0,431.0
2020-04-07,415,20.368289156626506,0.20272289156626505,1,0.0819277108433735,0.06506024096385542,0.024096385542168676,0.3156626506024096,72,4,3,38,11,88,110,1,88,18,12,87,13,47,238,1,4,2020,0,830.0,360.0,287.0
2020-04-08,447,20.37559284116331,0.18035794183445192,1,0.04697986577181208,0.040268456375838924,0.013422818791946308,0.34451901565995524,76,4,4,39,15,85,130,1,93,21,24,94,13,46,249,2,4,2020,0,415.0,667.0,369.0
2020-04-09,6,20.203333333333333,0.06999999999999999,1,0.0,0.0,0.0,0.3333333333333333,1,0,0,0,0,2,3,0,0,0,0,2,0,2,2,3,4,2020,0,447.0,6.0,8.0
2020-04-10,1,14.67,0.0,1,0.0,0.0,0.0,0.0,0,0,0,0,0,0,0,0,1,0,0,0,0,0,1,4,4,2020,0,6.0,1.0,8.0
2020-04-13,710,20.35630985915493,0.18981690140845073,1,0.07042253521126761,0.0647887323943662,0.028169014084507043,0.2633802816901408,137,2,14,71,31,142,176,0,137,40,30,129,28,87,396,0,4,2020,0,421.0,830.0,752.0
2020-04-14,420,20.333357142857142,0.18057142857142858,1,0.0761904761904762,0.06666666666666667,0.016666666666666666,0.3333333333333333,72,3,15,41,11,80,127,1,70,22,18,78,23,53,226,1,4,2020,0,710.0,415.0,360.0
2020-04-15,327,20.644311926605504,0.18718654434250764,1,0.07033639143730887,0.05198776758409786,0.009174311926605505,0.28134556574923547,66,1,5,34,10,65,90,1,55,19,14,56,9,41,188,2,4,2020,0,420.0,447.0,667.0
2020-04-16,7,19.011428571428574,1.0085714285714287,1,0.0,0.0,0.0,0.2857142857142857,0,0,0,2,0,1,2,0,2,0,0,4,0,0,3,3,4,2020,0,327.0,6.0,6.0
2020-04-17,704,20.20478693181818,0.174375,1,0.07102272727272728,0.05397727272727273,0.029829545454545456,0.2883522727272727,122,4,7,92,25,138,178,1,137,49,44,142,22,69,378,4,4,2020,0,7.0,1.0,1.0
2020-04-20,795,20.375647798742136,0.1778616352201258,1,0.06666666666666667,0.050314465408805034,0.03018867924528302,0.33459119496855344,152,3,9,94,22,143,204,4,164,53,38,146,19,88,451,0,4,2020,0,701.0,710.0,830.0
2020-04-21,628,20.25641719745223,0.17977707006369428,1,0.06687898089171974,0.04777070063694268,0.03662420382165605,0.31528662420382164,97,5,5,83,26,109,179,2,122,39,38,122,27,53,349,1,4,2020,0,795.0,420.0,415.0
2020-04-22,40,21.20825,0.23000000000000004,1,0.025,0.025,0.0,0.3,13,0,0,6,0,4,7,0,10,1,1,5,1,6,26,2,4,2020,0,628.0,327.0,447.0
2020-04-23,28,20.249642857142856,0.18,1,0.10714285714285714,0.07142857142857142,0.03571428571428571,0.35714285714285715,10,1,0,2,0,3,7,0,5,2,1,5,1,5,14,3,4,2020,0,40.0,7.0,6.0
2020-04-24,639,20.560312989045386,0.1598435054773083,1,0.0782472613458529,0.051643192488262914,0.018779342723004695,0.3302034428794992,123,6,11,53,20,136,161,2,127,38,27,97,17,73,387,4,4,2020,0,28.0,704.0,1.0
2020-04-27,391,19.927314578005117,0.1651150895140665,1,0.08184143222506395,0.06649616368286446,0.04859335038363171,0.35038363171355497,65,1,4,43,11,78,100,0,89,21,22,75,15,40,218,0,4,2020,0,610.0,795.0,710.0
2020-04-28,516,20.65540697674419,0.19852713178294573,1,0.05426356589147287,0.040697674418604654,0.025193798449612403,0.2926356589147287,98,2,10,55,17,91,107,3,133,25,40,96,10,55,290,1,4,2020,0,391.0,628.0,420.0
2020-04-29,6,20.30333333333333,0.43333333333333335,1,0.16666666666666666,0.3333333333333333,0.0,0.5,2,0,2,0,0,0,1,0,1,0,0,2,0,1,3,2,4,2020,0,516.0,40.0,327.0
2020-04-30,647,20.1964914992272,0.15479134466769706,1,0.07264296754250386,0.0571870170015456,0.017001545595054096,0.34930448222565685,108,6,9,70,19,152,173,2,108,32,29,135,27,66,358,3,4,2020,0,6.0,28.0,7.0
2020-05-01,600,20.480966666666667,0.1885,1,0.05333333333333334,0.043333333333333335,0.025,0.30333333333333334,117,4,8,58,26,112,158,5,112,28,30,104,25,57,356,4,5,2020,0,647.0,639.0,704.0
2020-05-04,484,20.423161157024794,0.15076446280991734,1,0.07851239669421488,0.05371900826446281,0.030991735537190084,0.256198347107438,96,3,5,49,15,84,136,4,92,32,23,86,22,53,268,0,5,2020,0,594.0,391.0,795.0
2020-05-05,7,18.782857142857143,0.5971428571428571,1,0.14285714285714285,0.0,0.0,0.42857142857142855,1,0,0,0,1,4,0,0,1,0,0,1,0,0,6,1,5,2020,0,484.0,516.0,628.0
2020-05-06,2,16.86,0.0,1,0.0,0.0,0.0,0.5,0,0,0,1,0,0,1,0,0,1,0,1,0,0,0,2,5,2020,0,7.0,6.0,40.0
2020-05-07,567,20.14645502645503,0.16968253968253968,1,0.06878306878306878,0.059964726631393295,0.026455026455026454,0.31393298059964725,118,3,10,51,20,100,147,1,117,38,20,115,12,67,315,3,5,2020,0,2.0,647.0,28.0
2020-05-08,400,19.912675,0.18245,1,0.0575,0.0525,0.02,0.275,65,2,11,41,9,77,101,2,92,25,22,60,12,36,245,4,5,2020,0,567.0,600.0,639.0
2020-05-11,368,20.31375,0.18763586956521738,1,0.08967391304347826,0.05434782608695652,0.03804347826086957,0.29347826086956524,66,2,5,39,9,74,98,1,74,23,14,61,15,40,215,0,5,2020,0,360.0,484.0,391.0
2020-05-12,45,19.938222222222223,0.37599999999999995,1,0.022222222222222223,0.022222222222222223,0.0,0.24444444444444444,7,0,0,8,1,8,11,0,10,3,4,10,1,4,23,1,5,2020,0,368.0,7.0,516.0
2020-05-13,10,21.509,0.265,1,0.0,0.0,0.0,0.2,2,0,0,0,0,0,5,0,3,2,0,4,0,2,2,2,5,2020,0,45.0,2.0,6.0
2020-05-14,232,20.243750000000002,0.14810344827586205,1,0.06896551724137931,0.07327586206896551,0.017241379310344827,0.27155172413793105,39,2,5,20,2,45,70,0,49,8,11,37,10,19,147,3,5,2020,0,10.0,567.0,647.0
2020-05-15,203,20.09256157635468,0.1974384236453202,1,0.08374384236453201,0.06896551724137931,0.009852216748768473,0.31527093596059114,30,0,4,21,9,44,55,0,40,18,5,40,4,21,115,4,5,2020,0,232.0,400.0,600.0
2020-05-18,154,20.33168831168831,0.2394155844155844,1,0.03896103896103896,0.03896103896103896,0.03896103896103896,0.2662337662337662,33,0,2,19,7,24,39,0,30,10,6,27,2,23,86,0,5,2020,0,147.0,368.0,484.0
2020-05-19,11,20.235454545454544,0.4027272727272727,1,0.09090909090909091,0.18181818181818182,0.0,0.09090909090909091,2,0,0,1,1,2,3,1,1,2,0,2,0,0,7,1,5,2020,0,154.0,45.0,7.0
2020-05-20,2,17.26,0.055,1,0.0,0.0,0.0,0.0,0,0,0,0,0,1,0,0,1,0,0,0,0,1,1,2,5,2020,0,11.0,10.0,2.0
2020-05-21,99,20.966060606060605,0.27575757575757576,1,0.06060606060606061,0.06060606060606061,0.030303030303030304,0.37373737373737376,18,0,3,9,3,16,23,0,27,5,2,27,1,4,60,3,5,2020,0,2.0,232.0,567.0
2020-05-22,77,20.124675324675323,0.1648051948051948,1,0.09090909090909091,0.07792207792207792,0.025974025974025976,0.38961038961038963,22,0,2,6,1,13,17,0,16,6,3,18,2,8,40,4,5,2020,0,99.0,203.0,400.0
2020-05-25,44,20.068863636363634,0.2290909090909091,1,0.045454545454545456,0.045454545454545456,0.045454545454545456,0.4318181818181818,9,0,0,5,1,8,11,0,10,1,2,9,1,3,28,0,5,2020,0,19.0,154.0,368.0
2020-05-26,1,19.77,0.0,1,0.0,0.0,0.0,1.0,0,0,0,0,1,0,0,0,0,0,0,1,0,0,0,1,5,2020,0,44.0,11.0,45.0
2020-05-27,3,22.173333333333336,0.0,1,0.0,0.0,0.0,0.3333333333333333,0,0,1,0,0,0,2,0,0,0,0,1,0,0,2,2,5,2020,0,1.0,2.0,10.0
2020-05-28,63,20.0584126984127,0.1784126984126984,1,0.07936507936507936,0.06349206349206349,0.0,0.3333333333333333,12,0,0,7,1,11,20,0,12,3,1,13,1,8,37,3,5,2020,0,3.0,99.0,232.0
2020-05-29,53,20.130943396226417,0.12849056603773584,1,0.07547169811320754,0.03773584905660377,0.03773584905660377,0.2830188679245283,9,0,1,4,2,7,15,0,15,3,2,11,2,5,30,4,5,2020,0,63.0,77.0,203.0
2020-06-01,28,19.568571428571428,0.18178571428571427,1,0.0,0.03571428571428571,0.0,0.35714285714285715,4,0,0,6,1,7,7,0,3,1,2,4,1,5,15,0,6,2020,0,14.0,44.0,154.0
2020-06-02,349,20.045329512893982,0.14240687679083094,1,0.09169054441260745,0.06876790830945559,0.022922636103151862,0.3123209169054441,59,3,5,43,10,63,89,1,76,26,17,66,7,37,196,1,6,2020,0,28.0,1.0,11.0
2020-06-03,213,20.19173708920188,0.21375586854460094,1,0.07042253521126761,0.07981220657276995,0.023474178403755867,0.3145539906103286,41,1,1,23,8,56,52,1,30,19,16,26,11,26,115,2,6,2020,0,349.0,3.0,2.0
2020-06-04,265,20.20588679245283,0.1580754716981132,1,0.06037735849056604,0.045283018867924525,0.01509433962264151,0.28679245283018867,58,0,7,24,12,56,55,0,53,13,11,53,7,33,148,3,6,2020,0,213.0,63.0,99.0
2020-06-05,88,20.724545454545453,0.1756818181818182,1,0.07954545454545454,0.056818181818181816,0.03409090909090909,0.32954545454545453,13,0,0,8,6,12,26,0,23,2,6,16,7,14,43,4,6,2020,0,265.0,53.0,77.0
2020-06-08,13,19.165384615384617,0.03076923076923077,1,0.15384615384615385,0.15384615384615385,0.0,0.23076923076923078,1,0,0,2,1,4,3,0,2,1,0,9,0,1,2,0,6,2020,0,5.0,28.0,44.0
2020-06-09,503,20.40709741550696,0.18345924453280318,1,0.0775347912524851,0.06759443339960239,0.033797216699801194,0.3061630218687873,96,3,5,58,15,91,137,0,98,27,28,89,16,50,293,1,6,2020,0,13.0,349.0,1.0
2020-06-10,542,20.12171586715867,0.19411439114391144,1,0.04797047970479705,0.04428044280442804,0.012915129151291513,0.33025830258302585,104,3,6,56,19,107,124,0,123,28,40,100,17,64,293,2,6,2020,0,503.0,213.0,3.0
2020-06-11,629,20.41550079491256,0.18209856915739267,1,0.07790143084260731,0.06677265500794913,0.028616852146263912,0.32114467408585057,119,4,6,75,7,108,167,2,141,29,27,127,23,69,354,3,6,2020,0,542.0,265.0,63.0
2020-06-12,390,20.198897435897436,0.16176923076923078,1,0.07692307692307693,0.05384615384615385,0.02564102564102564,0.3076923076923077,65,2,4,29,11,83,110,2,84,18,24,66,19,42,221,4,6,2020,0,629.0,88.0,53.0
2020-06-15,7,20.577142857142857,0.06714285714285714,1,0.14285714285714285,0.14285714285714285,0.0,0.5714285714285714,0,0,0,4,0,1,0,0,2,2,0,2,1,0,2,0,6,2020,0,16.0,13.0,28.0
2020-06-16,237,20.403164556962025,0.16641350210970463,1,0.06329113924050633,0.05063291139240506,0.012658227848101266,0.3291139240506329,49,1,4,30,8,33,60,0,52,12,8,44,5,27,141,1,6,2020,0,7.0,503.0,349.0
2020-06-17,375,20.005226666666665,0.19269333333333336,1,0.058666666666666666,0.042666666666666665,0.021333333333333333,0.3546666666666667,71,2,5,28,18,86,93,1,71,24,18,63,16,32,222,2,6,2020,0,237.0,542.0,213.0
2020-06-18,354,20.66446327683616,0.2186440677966102,1,0.12429378531073447,0.06779661016949153,0.0423728813559322,0.3192090395480226,62,1,6,28,12,69,93,2,81,16,17,76,9,36,200,3,6,2020,0,375.0,629.0,265.0
2020-06-19,169,20.41834319526627,0.18071005917159763,1,0.0650887573964497,0.09467455621301775,0.023668639053254437,0.28994082840236685,26,3,2,18,2,38,41,0,39,8,12,32,6,19,92,4,6,2020,0,354.0,390.0,88.0
2020-06-22,603,20.23117744610282,0.17106135986733004,1,0.07131011608623548,0.06799336650082918,0.026533996683250415,0.2885572139303483,112,4,5,50,23,118,173,2,116,31,35,99,19,55,364,0,6,2020,0,6.0,7.0,13.0
2020-06-23,440,20.53575,0.15874999999999997,1,0.07045454545454545,0.06136363636363636,0.01818181818181818,0.33181818181818185,82,3,4,52,18,92,83,4,102,20,27,89,11,50,243,1,6,2020,0,603.0,237.0,503.0
2020-06-24,563,20.28010657193606,0.16571936056838366,1,0.0586145648312611,0.0497335701598579,0.02664298401420959,0.2841918294849023,107,0,8,50,23,113,155,1,106,26,29,124,25,65,294,2,6,2020,0,440.0,375.0,542.0
2020-06-25,403,20.260347394540943,0.20042183622828783,1,0.06947890818858561,0.052109181141439205,0.019851116625310174,0.3349875930521092,70,2,5,41,9,65,120,0,91,23,21,76,17,50,216,3,6,2020,0,563.0,354.0,629.0
2020-06-26,426,20.29272300469484,0.18619718309859157,1,0.05868544600938967,0.03990610328638498,0.025821596244131457,0.3215962441314554,77,3,5,48,21,85,101,0,86,31,21,85,11,51,227,4,6,2020,0,403.0,169.0,390.0
2020-06-29,355,20.282112676056336,0.17428169014084507,1,0.08169014084507042,0.0647887323943662,0.02535211267605634,0.3267605633802817,64,1,7,32,18,68,92,1,72,19,19,66,10,41,200,0,6,2020,0,243.0,603.0,7.0
2020-06-30,278,20.63546762589928,0.14510791366906473,1,0.05755395683453238,0.050359712230215826,0.02158273381294964,0.302158273381295,65,0,4,24,7,49,76,1,52,16,13,37,16,37,159,1,6,2020,0,355.0,440.0,237.0
2020-07-01,250,20.440279999999998,0.16691999999999999,1,0.092,0.068,0.04,0.252,44,3,3,21,6,46,68,0,59,16,11,57,10,20,136,2,7,2020,0,278.0,563.0,375.0
2020-07-02,247,20.847935222672064,0.18785425101214576,1,0.08906882591093117,0.0728744939271255,0.032388663967611336,0.27530364372469635,40,3,4,30,7,44,72,0,47,16,16,48,12,29,126,3,7,2020,0,250.0,403.0,354.0
2020-07-03,5,19.146,0.404,1,0.4,0.2,0.0,0.0,1,0,0,1,0,1,1,0,1,0,1,1,0,0,3,4,7,2020,0,247.0,426.0,169.0
2020-07-06,696,20.302557471264368,0.17113505747126437,1,0.0617816091954023,0.08045977011494253,0.01867816091954023,0.29454022988505746,117,1,11,80,32,142,182,4,127,36,46,120,22,77,395,0,7,2020,0,693.0,355.0,603.0
2020-07-07,397,20.47544080604534,0.16065491183879094,1,0.07808564231738035,0.07808564231738035,0.03526448362720403,0.29974811083123426,66,1,5,32,11,78,109,1,94,20,15,77,11,39,235,1,7,2020,0,696.0,278.0,440.0
2020-07-08,589,20.50161290322581,0.18804753820033956,1,0.06112054329371817,0.042444821731748725,0.01697792869269949,0.3073005093378608,103,2,7,55,24,96,169,3,130,41,26,128,26,59,309,2,7,2020,0,397.0,250.0,563.0
2020-07-09,5,19.978,0.254,1,0.2,0.2,0.0,0.4,0,0,0,1,0,2,2,0,0,0,0,2,1,0,2,3,7,2020,0,589.0,247.0,403.0
2020-07-10,100,20.3293,0.1354,1,0.09,0.07,0.02,0.35,22,0,2,10,1,20,27,0,18,8,6,9,5,11,61,4,7,2020,0,5.0,5.0,426.0
2020-07-13,55,20.39690909090909,0.208,1,0.09090909090909091,0.09090909090909091,0.03636363636363636,0.32727272727272727,4,0,1,7,2,10,14,0,17,4,5,8,2,4,32,0,7,2020,0,67.0,696.0,355.0
2020-07-14,94,20.2181914893617,0.25053191489361704,1,0.06382978723404255,0.031914893617021274,0.02127659574468085,0.3723404255319149,19,0,2,17,2,15,19,0,20,5,2,16,3,9,59,1,7,2020,0,55.0,397.0,278.0
2020-07-15,200,20.34485,0.1594,1,0.05,0.03,0.025,0.285,34,0,4,24,7,41,48,1,41,11,13,32,6,28,110,2,7,2020,0,94.0,589.0,250.0
2020-07-16,270,20.15137037037037,0.14674074074074073,1,0.07407407407407407,0.08518518518518518,0.018518518518518517,0.3111111111111111,48,2,4,25,6,44,81,1,59,14,17,50,11,38,140,3,7,2020,0,200.0,5.0,247.0
2020-07-17,363,20.391735537190083,0.16269972451790635,1,0.08539944903581267,0.05234159779614325,0.024793388429752067,0.3415977961432507,69,1,12,35,15,66,95,1,69,16,17,58,12,34,226,4,7,2020,0,270.0,100.0,5.0
2020-07-20,40,20.878,0.1305,1,0.0,0.0,0.0,0.375,7,0,1,5,2,9,6,0,10,5,2,7,1,6,19,0,7,2020,0,259.0,55.0,696.0
2020-07-21,1,22.88,0.01,1,0.0,0.0,0.0,0.0,1,0,0,0,0,0,0,0,0,0,0,0,0,0,1,1,7,2020,0,40.0,94.0,397.0
2020-07-22,3,20.826666666666668,0.0033333333333333335,1,0.0,0.0,0.0,0.3333333333333333,1,0,0,0,0,1,1,0,0,0,0,0,0,2,1,2,7,2020,0,1.0,200.0,589.0
2020-07-23,1,18.61,2.38,1,0.0,0.0,0.0,0.0,1,0,0,0,0,0,0,0,0,0,0,0,0,0,1,3,7,2020,0,3.0,270.0,5.0
2020-07-24,2,20.65,0.0,1,0.0,0.0,0.0,0.0,0,0,0,0,0,1,0,0,1,1,0,0,0,0,1,4,7,2020,0,1.0,363.0,100.0
2020-07-27,968,20.34410123966942,0.16964876033057852,1,0.07231404958677685,0.05785123966942149,0.027892561983471075,0.3243801652892562,182,7,9,83,35,182,242,2,226,46,49,180,49,106,538,0,7,2020,0,680.0,40.0,55.0
2020-07-28,910,20.60264835164835,0.18460439560439562,1,0.06593406593406594,0.05714285714285714,0.01978021978021978,0.3142857142857143,163,5,16,106,22,173,236,2,187,54,42,177,32,101,504,1,7,2020,0,968.0,1.0,94.0
2020-07-29,494,20.324615384615385,0.18447368421052632,1,0.07489878542510121,0.058704453441295545,0.038461538461538464,0.29959514170040485,86,4,7,45,21,103,120,1,107,25,25,95,18,49,282,2,7,2020,0,910.0,3.0,200.0
2020-07-30,672,20.52559523809524,0.16641369047619048,1,0.07142857142857142,0.049107142857142856,0.028273809523809524,0.33630952380952384,101,4,14,79,25,114,171,1,163,44,34,126,28,65,375,3,7,2020,0,494.0,1.0,270.0
2020-07-31,27,21.424074074074074,0.3977777777777778,1,0.037037037037037035,0.07407407407407407,0.037037037037037035,0.25925925925925924,10,0,0,2,0,3,9,0,3,0,1,6,1,4,15,4,7,2020,0,672.0,2.0,363.0
2020-08-03,416,20.271802884615383,0.2099278846153846,1,0.06971153846153846,0.038461538461538464,0.016826923076923076,0.3173076923076923,71,6,4,31,13,101,106,3,81,10,26,79,17,50,234,0,8,2020,0,234.0,968.0,40.0
2020-08-04,336,20.25220238095238,0.178125,1,0.08333333333333333,0.06547619047619048,0.008928571428571428,0.29464285714285715,63,0,3,35,8,59,98,2,68,22,15,63,9,34,193,1,8,2020,0,416.0,910.0,1.0
2020-08-05,167,20.241377245508982,0.18652694610778442,1,0.09580838323353294,0.0718562874251497,0.03592814371257485,0.23353293413173654,29,0,5,18,3,36,46,0,30,7,8,34,6,13,99,2,8,2020,0,336.0,494.0,3.0
2020-08-06,564,20.282606382978724,0.15656028368794325,1,0.06382978723404255,0.0549645390070922,0.008865248226950355,0.2978723404255319,106,2,7,47,18,112,145,0,127,29,22,98,26,53,336,3,8,2020,0,167.0,672.0,1.0
2020-08-07,4,21.025,0.5275,1,0.25,0.0,0.0,0.5,0,0,0,1,0,1,1,0,1,0,0,0,0,2,2,4,8,2020,0,564.0,27.0,2.0
2020-08-10,43,20.813488372093023,0.08581395348837209,1,0.23255813953488372,0.13953488372093023,0.023255813953488372,0.32558139534883723,4,0,1,5,1,12,7,0,13,2,1,12,0,7,21,0,8,2020,0,49.0,416.0,968.0
2020-08-11,39,20.315384615384612,0.10794871794871795,1,0.02564102564102564,0.0,0.0,0.20512820512820512,7,0,2,3,1,3,14,0,9,2,0,4,0,5,28,1,8,2020,0,43.0,336.0,910.0
2020-08-12,13,19.85923076923077,0.13923076923076924,1,0.0,0.0,0.0,0.23076923076923078,3,0,0,2,0,0,5,0,3,1,0,3,0,1,8,2,8,2020,0,39.0,167.0,494.0
2020-08-13,31,20.37741935483871,0.12225806451612903,1,0.16129032258064516,0.06451612903225806,0.0,0.2903225806451613,5,0,0,6,0,6,9,0,5,2,2,4,0,3,20,3,8,2020,0,13.0,564.0,672.0
2020-08-14,49,21.054489795918368,0.1153061224489796,1,0.02040816326530612,0.061224489795918366,0.02040816326530612,0.32653061224489793,10,1,1,8,4,6,11,0,8,3,4,7,2,4,29,4,8,2020,0,31.0,4.0,27.0
2020-08-17,3,20.263333333333332,0.06,1,0.3333333333333333,0.3333333333333333,0.0,0.6666666666666666,1,0,1,0,0,0,0,0,1,1,0,1,0,0,1,0,8,2020,0,9.0,43.0,416.0
2020-08-18,12,20.37333333333333,0.15,1,0.08333333333333333,0.08333333333333333,0.0,0.25,0,0,0,2,0,5,2,0,3,1,0,3,1,1,6,1,8,2020,0,3.0,39.0,336.0
2020-08-19,9,18.935555555555556,0.06333333333333332,1,0.1111111111111111,0.2222222222222222,0.1111111111111111,0.4444444444444444,1,0,0,1,0,1,2,0,4,1,2,1,1,0,4,2,8,2020,0,12.0,13.0,167.0
2020-08-20,140,20.245428571428572,0.12878571428571428,1,0.07142857142857142,0.06428571428571428,0.02857142857142857,0.24285714285714285,30,1,4,18,6,21,34,0,26,8,8,23,7,24,70,3,8,2020,0,9.0,31.0,564.0
2020-08-21,111,20.234954954954954,0.27684684684684685,1,0.05405405405405406,0.07207207207207207,0.018018018018018018,0.36036036036036034,23,1,2,15,4,22,26,0,18,7,6,26,7,11,54,4,8,2020,0,140.0,49.0,4.0
2020-08-24,149,20.406577181208053,0.19154362416107382,1,0.040268456375838924,0.06040268456375839,0.013422818791946308,0.33557046979865773,23,3,1,9,8,35,31,1,38,11,14,27,9,11,77,0,8,2020,0,90.0,3.0,43.0
2020-08-25,15,19.666666666666668,0.09333333333333332,1,0.06666666666666667,0.06666666666666667,0.06666666666666667,0.2,1,0,0,0,1,3,6,0,4,1,1,2,0,0,11,1,8,2020,0,149.0,12.0,39.0
2020-08-26,21,20.00809523809524,0.09666666666666668,1,0.0,0.19047619047619047,0.0,0.3333333333333333,4,0,0,2,1,2,5,0,7,1,0,4,1,3,12,2,8,2020,0,15.0,9.0,13.0
2020-08-27,444,20.53527027027027,0.20583333333333334,1,0.04504504504504504,0.05855855855855856,0.02252252252252252,0.32882882882882886,92,1,8,47,20,68,115,0,93,24,19,81,14,56,250,3,8,2020,0,21.0,140.0,31.0
2020-08-28,271,20.620036900369,0.18793357933579335,1,0.05904059040590406,0.05904059040590406,0.01845018450184502,0.2952029520295203,40,1,4,34,8,53,68,1,62,14,16,56,8,21,156,4,8,2020,0,444.0,111.0,49.0
2020-08-31,681,20.212628487518355,0.17312775330396477,1,0.05873715124816446,0.06020558002936858,0.027900146842878122,0.28487518355359764,119,4,14,75,21,130,188,2,128,35,44,128,37,64,373,0,8,2020,0,274.0,149.0,3.0
2020-09-01,39,20.314358974358974,0.24512820512820513,1,0.02564102564102564,0.02564102564102564,0.05128205128205128,0.358974358974359,6,0,0,7,1,5,13,0,7,3,1,9,0,3,23,1,9,2020,0,681.0,15.0,12.0
2020-09-02,17,20.76,0.13882352941176473,1,0.058823529411764705,0.11764705882352941,0.0,0.35294117647058826,3,0,1,1,0,2,6,0,4,2,1,4,1,0,9,2,9,2020,0,39.0,21.0,9.0
2020-09-03,515,20.177941747572813,0.18106796116504853,1,0.08155339805825243,0.06019417475728155,0.031067961165048542,0.3339805825242718,83,3,13,48,16,111,146,1,94,23,29,111,16,58,278,3,9,2020,0,17.0,444.0,140.0
2020-09-04,228,20.30087719298246,0.1423245614035088,1,0.10964912280701754,0.08771929824561403,0.039473684210526314,0.29385964912280704,34,5,4,16,10,50,55,2,52,13,12,42,2,23,136,4,9,2020,0,515.0,271.0,111.0
2020-09-07,263,19.99444866920152,0.15224334600760456,1,0.07224334600760456,0.06844106463878327,0.019011406844106463,0.30798479087452474,58,4,5,30,5,44,71,1,45,10,10,51,13,26,153,0,9,2020,0,248.0,681.0,149.0
2020-09-08,16,19.204375,0.07375,1,0.125,0.125,0.0,0.25,4,0,0,1,0,4,5,0,2,1,0,4,0,0,11,1,9,2020,0,263.0,39.0,15.0
2020-09-09,9,20.18111111111111,0.1622222222222222,1,0.0,0.0,0.0,0.1111111111111111,2,0,0,3,0,1,1,0,2,0,1,2,1,0,5,2,9,2020,0,16.0,17.0,21.0
2020-09-10,465,20.345612903225806,0.18348387096774196,1,0.060215053763440864,0.047311827956989246,0.025806451612903226,0.2709677419354839,94,5,5,39,16,88,125,1,92,27,23,81,17,62,255,3,9,2020,0,9.0,515.0,444.0
2020-09-11,174,20.793793103448277,0.11379310344827587,1,0.040229885057471264,0.04597701149425287,0.017241379310344827,0.3218390804597701,24,1,2,21,4,31,52,0,39,10,12,26,9,16,101,4,9,2020,0,465.0,228.0,271.0
2020-09-14,262,20.525038167938934,0.18557251908396946,1,0.08015267175572519,0.0648854961832061,0.03816793893129771,0.3053435114503817,43,0,3,32,13,58,58,1,54,13,20,48,10,30,141,0,9,2020,0,304.0,263.0,681.0
2020-09-15,21,19.91190476190476,0.18095238095238095,1,0.19047619047619047,0.14285714285714285,0.047619047619047616,0.38095238095238093,6,0,0,2,0,4,5,0,4,0,0,5,0,1,15,1,9,2020,0,262.0,16.0,39.0
2020-09-16,11,20.176363636363636,0.31363636363636366,1,0.0,0.0,0.0,0.2727272727272727,4,0,0,1,1,1,4,0,0,0,2,1,1,2,5,2,9,2020,0,21.0,9.0,17.0
2020-09-17,617,20.217811993517017,0.16970826580226903,1,0.07941653160453808,0.06158833063209076,0.01620745542949757,0.3209076175040519,115,1,12,51,26,123,158,1,130,36,19,111,19,69,363,3,9,2020,0,11.0,465.0,515.0
2020-09-18,243,20.761234567901237,0.17868312757201646,1,0.0823045267489712,0.08641975308641975,0.01646090534979424,0.2962962962962963,46,1,4,21,9,52,64,0,46,10,15,42,12,24,140,4,9,2020,0,617.0,174.0,228.0
2020-09-21,340,20.13664705882353,0.17505882352941177,1,0.061764705882352944,0.05588235294117647,0.03529411764705882,0.3205882352941177,60,1,6,34,15,60,92,2,70,16,18,55,11,34,206,0,9,2020,0,338.0,262.0,263.0
2020-09-22,30,20.872,0.373,1,0.1,0.0,0.03333333333333333,0.3,2,0,0,8,1,9,4,0,6,3,1,6,1,4,15,1,9,2020,0,340.0,21.0,16.0
2020-09-23,8,21.2825,0.16875,1,0.125,0.25,0.0,0.625,1,0,0,0,0,3,1,0,3,0,1,0,0,2,5,2,9,2020,0,30.0,11.0,9.0
2020-09-24,486,20.498477366255145,0.20421810699588477,1,0.07613168724279835,0.0720164609053498,0.024691358024691357,0.33127572016460904,82,1,13,55,13,100,132,1,89,26,23,88,14,48,287,3,9,2020,0,8.0,617.0,465.0
2020-09-25,207,20.18589371980676,0.2078743961352657,1,0.05314009661835749,0.0966183574879227,0.024154589371980676,0.32367149758454106,45,0,2,25,5,32,47,0,51,13,9,35,9,18,123,4,9,2020,0,486.0,243.0,174.0
2020-09-28,420,20.481785714285714,0.17780952380952383,1,0.08095238095238096,0.06904761904761905,0.02619047619047619,0.30952380952380953,90,0,4,37,14,66,110,0,99,19,26,78,13,47,237,0,9,2020,0,271.0,340.0,262.0
2020-09-29,15,19.320666666666668,0.08266666666666667,1,0.06666666666666667,0.0,0.0,0.2,1,0,0,2,2,4,3,0,3,0,2,1,1,2,9,1,9,2020,0,420.0,30.0,21.0
2020-09-30,7,20.310000000000002,0.011428571428571429,1,0.0,0.0,0.0,0.42857142857142855,2,0,1,0,0,1,3,0,0,0,1,2,0,1,3,2,9,2020,0,15.0,8.0,11.0
2020-10-01,491,20.24582484725051,0.16828920570264766,1,0.06924643584521385,0.05702647657841141,0.032586558044806514,0.28716904276985744,80,2,7,56,19,98,138,0,91,23,26,92,16,47,287,3,10,2020,0,7.0,486.0,617.0
2020-10-02,283,20.529681978798585,0.1806713780918728,1,0.08480565371024736,0.0812720848056537,0.014134275618374558,0.28975265017667845,53,0,6,28,8,58,66,1,63,11,14,53,8,37,160,4,10,2020,0,491.0,207.0,243.0
2020-10-05,367,20.278964577656676,0.17953678474114443,1,0.0653950953678474,0.04087193460490463,0.013623978201634877,0.3133514986376022,73,1,5,35,12,71,85,2,83,17,16,58,19,45,212,0,10,2020,0,339.0,420.0,340.0
2020-10-06,23,20.70695652173913,0.20130434782608694,1,0.17391304347826086,0.08695652173913043,0.043478260869565216,0.43478260869565216,5,0,0,5,0,4,6,0,3,0,3,4,0,4,12,1,10,2020,0,367.0,15.0,30.0
2020-10-07,12,18.858333333333334,0.12333333333333334,1,0.08333333333333333,0.08333333333333333,0.0,0.4166666666666667,1,0,0,3,0,1,3,0,4,1,0,3,0,2,6,2,10,2020,0,23.0,7.0,8.0
2020-10-08,974,20.30959958932238,0.18241273100616015,1,0.06776180698151951,0.053388090349075976,0.014373716632443531,0.3131416837782341,173,6,11,107,26,191,256,3,201,51,65,182,31,118,527,3,10,2020,0,12.0,491.0,486.0
2020-10-09,267,20.287902621722846,0.22382022471910112,1,0.09737827715355805,0.06367041198501873,0.026217228464419477,0.2883895131086142,50,3,6,20,6,55,79,0,48,13,10,52,10,33,149,4,10,2020,0,974.0,283.0,207.0
2020-10-12,662,20.495740181268882,0.18504531722054382,1,0.08157099697885196,0.05891238670694864,0.0377643504531722,0.31268882175226587,113,5,6,81,24,132,171,0,130,35,42,139,22,62,362,0,10,2020,0,479.0,367.0,420.0
2020-10-13,194,20.65798969072165,0.17242268041237116,1,0.07731958762886598,0.05154639175257732,0.010309278350515464,0.3247422680412371,49,2,3,17,3,34,36,0,50,11,12,33,8,29,101,1,10,2020,0,662.0,23.0,15.0
2020-10-14,198,20.150858585858586,0.16090909090909092,1,0.06565656565656566,0.06060606060606061,0.03535353535353535,0.3484848484848485,39,1,3,22,6,44,48,0,35,5,12,41,5,25,110,2,10,2020,0,194.0,12.0,7.0
2020-10-15,961,20.435639958376694,0.17720083246618104,1,0.06347554630593132,0.05202913631633715,0.022892819979188347,0.3194588969823101,180,2,16,111,35,179,248,0,190,53,46,196,36,116,514,3,10,2020,0,198.0,974.0,491.0
2020-10-16,636,20.29753144654088,0.1903930817610063,1,0.08333333333333333,0.055031446540880505,0.015723270440251572,0.3270440251572327,113,2,10,59,23,117,158,2,152,43,46,97,24,59,367,4,10,2020,0,961.0,267.0,283.0
2020-10-19,778,20.3,0.20347043701799486,1,0.07455012853470437,0.07069408740359898,0.014138817480719794,0.29562982005141386,154,2,10,80,20,149,211,3,149,38,30,146,31,77,456,0,10,2020,0,445.0,662.0,367.0
2020-10-20,348,20.202385057471265,0.19919540229885055,1,0.0603448275862069,0.06321839080459771,0.020114942528735632,0.2959770114942529,65,1,5,32,14,70,98,1,62,17,17,64,9,47,194,1,10,2020,0,778.0,194.0,23.0
2020-10-21,388,20.57832474226804,0.16399484536082476,1,0.08505154639175258,0.07474226804123711,0.03865979381443299,0.3556701030927835,73,0,4,37,11,84,89,0,90,20,22,69,13,35,229,2,10,2020,0,348.0,198.0,12.0
2020-10-22,564,20.231329787234042,0.18154255319148938,1,0.0797872340425532,0.07801418439716312,0.031914893617021274,0.29609929078014185,97,5,7,48,23,112,154,2,116,30,26,98,13,64,333,3,10,2020,0,388.0,961.0,974.0
2020-10-23,398,20.235854271356782,0.17585427135678391,1,0.08793969849246232,0.07537688442211055,0.05025125628140704,0.31155778894472363,86,2,3,38,14,73,103,0,79,22,17,74,18,35,232,4,10,2020,0,564.0,636.0,267.0
2020-10-26,579,20.22428324697755,0.16910189982728843,1,0.07772020725388601,0.06735751295336788,0.037996545768566495,0.31951640759930916,117,5,8,59,18,117,151,1,103,25,29,94,21,61,349,0,10,2020,0,232.0,778.0,662.0
2020-10-27,113,20.420973451327434,0.19477876106194691,1,0.09734513274336283,0.035398230088495575,0.035398230088495575,0.3185840707964602,23,0,1,12,6,23,29,0,19,6,6,15,3,15,68,1,10,2020,0,579.0,348.0,194.0
2020-10-28,196,20.433469387755103,0.15923469387755101,1,0.05612244897959184,0.061224489795918366,0.030612244897959183,0.336734693877551,37,2,4,18,0,36,57,0,42,16,11,38,5,20,106,2,10,2020,0,113.0,388.0,198.0
2020-10-29,3,19.92,0.19999999999999998,1,0.0,0.0,0.0,0.0,1,0,0,0,0,1,1,0,0,0,0,0,1,0,2,3,10,2020,0,196.0,564.0,961.0
2020-10-30,3,19.80666666666667,0.01,1,0.0,0.3333333333333333,0.0,0.0,0,1,0,0,0,0,1,0,1,0,0,1,0,1,1,4,10,2020,0,3.0,398.0,636.0
2020-11-02,1,21.9,0.01,1,0.0,0.0,0.0,1.0,0,0,0,0,0,0,1,0,0,0,0,0,0,0,1,0,11,2020,0,22.0,579.0,778.0
2020-11-03,1,22.77,0.0,1,0.0,0.0,0.0,0.0,0,0,0,0,0,0,0,0,1,0,0,0,0,0,1,1,11,2020,0,1.0,113.0,348.0
2020-11-04,3,21.820000000000004,0.10666666666666667,1,0.3333333333333333,0.0,0.0,0.3333333333333333,0,0,1,0,0,0,0,0,2,0,0,1,0,0,2,2,11,2020,0,1.0,196.0,388.0
2020-11-05,2,20.915,0.03,1,0.5,0.5,0.0,0.5,1,0,0,1,0,0,0,0,0,1,0,0,0,0,1,3,11,2020,0,3.0,3.0,564.0
2020-11-06,3,19.406666666666666,0.10333333333333333,1,0.0,0.0,0.0,0.0,0,0,0,0,0,0,2,0,1,0,0,0,0,0,3,4,11,2020,0,2.0,3.0,398.0
2020-11-09,15,20.428,0.116,1,0.06666666666666667,0.0,0.06666666666666667,0.2,5,0,0,1,1,2,5,0,1,0,1,1,1,0,12,0,11,2020,0,2.0,1.0,579.0
2020-11-10,6,17.92833333333333,0.02,1,0.16666666666666666,0.0,0.0,0.6666666666666666,0,0,0,2,0,1,1,0,2,0,0,3,0,0,3,1,11,2020,0,15.0,1.0,113.0
2020-11-11,9,19.198888888888888,0.04,1,0.2222222222222222,0.1111111111111111,0.1111111111111111,0.2222222222222222,1,0,1,0,0,2,2,0,3,0,2,3,0,2,2,2,11,2020,0,6.0,3.0,196.0
2020-11-12,10,20.047,0.149,1,0.0,0.0,0.0,0.4,2,0,0,2,0,1,5,0,0,0,0,2,0,1,7,3,11,2020,0,9.0,2.0,3.0
2020-11-13,16,20.751875000000002,0.209375,1,0.0625,0.0625,0.0,0.25,6,0,1,1,1,1,2,0,4,0,1,2,0,3,10,4,11,2020,0,10.0,3.0,3.0
2020-11-16,74,20.740945945945946,0.10918918918918918,1,0.06756756756756757,0.05405405405405406,0.02702702702702703,0.3918918918918919,13,0,0,9,2,13,16,0,21,2,3,16,2,11,40,0,11,2020,0,16.0,15.0,1.0
2020-11-17,101,21.11108910891089,0.18891089108910888,1,0.06930693069306931,0.0297029702970297,0.009900990099009901,0.32673267326732675,25,1,3,9,3,22,23,0,15,9,3,19,3,14,53,1,11,2020,0,74.0,6.0,1.0
2020-11-18,182,19.90087912087912,0.17137362637362638,1,0.06593406593406594,0.054945054945054944,0.016483516483516484,0.34615384615384615,38,0,3,19,9,31,48,1,33,9,9,29,9,22,104,2,11,2020,0,101.0,9.0,3.0
2020-11-19,3,23.046666666666667,0.14666666666666664,1,0.0,0.0,0.0,0.0,1,0,0,0,0,0,1,0,1,0,0,1,0,0,2,3,11,2020,0,182.0,10.0,2.0
2020-11-20,3,21.833333333333332,0.04,1,0.0,0.0,0.0,0.0,0,0,1,0,0,0,0,0,2,1,0,0,0,0,2,4,11,2020,0,3.0,16.0,3.0
2020-11-23,2,17.04,0.325,1,0.0,0.0,0.0,0.0,0,0,0,0,0,0,1,0,1,0,0,1,0,0,1,0,11,2020,0,2.0,74.0,15.0
2020-11-24,2,19.67,0.01,1,0.0,0.0,0.0,1.0,1,0,0,0,0,0,1,0,0,0,1,0,0,0,1,1,11,2020,0,2.0,101.0,6.0
2020-11-25,24,20.98,0.12666666666666668,1,0.125,0.041666666666666664,0.0,0.4583333333333333,3,0,0,1,0,3,9,0,8,0,0,3,1,3,17,2,11,2020,0,2.0,182.0,9.0
2020-11-26,10,19.287,0.128,1,0.2,0.2,0.0,0.2,2,0,0,1,1,2,3,0,1,1,0,2,0,1,6,3,11,2020,0,24.0,3.0,10.0
2020-11-27,13,20.433846153846154,0.29384615384615387,1,0.0,0.0,0.0,0.15384615384615385,1,1,0,1,0,3,5,0,2,1,1,2,0,0,9,4,11,2020,0,10.0,3.0,16.0
2020-11-30,6,20.403333333333332,0.62,1,0.0,0.0,0.0,0.6666666666666666,1,0,0,1,0,1,1,0,2,0,0,2,0,0,4,0,11,2020,0,11.0,2.0,74.0
2020-12-01,14,21.476428571428574,0.10071428571428573,1,0.14285714285714285,0.07142857142857142,0.0,0.14285714285714285,3,0,0,2,0,1,5,0,3,1,0,3,0,2,8,1,12,2020,0,6.0,2.0,101.0
2020-12-02,4,16.1475,0.0625,1,0.0,0.0,0.0,0.0,2,0,0,1,0,1,0,0,0,0,1,1,0,0,2,2,12,2020,0,14.0,24.0,182.0
2020-12-03,16,19.655,0.060625,1,0.125,0.0625,0.0,0.375,4,0,0,1,1,1,3,1,5,1,1,2,0,1,11,3,12,2020,0,4.0,10.0,3.0
2020-12-04,24,21.19,0.20791666666666667,1,0.16666666666666666,0.041666666666666664,0.0,0.25,5,0,0,5,2,2,7,0,3,1,0,1,0,6,16,4,12,2020,0,16.0,13.0,3.0
2020-12-07,6,20.12,0.12166666666666666,1,0.16666666666666666,0.16666666666666666,0.0,0.3333333333333333,2,0,0,2,0,0,1,0,1,1,0,0,0,1,4,0,12,2020,0,5.0,6.0,2.0
2020-12-08,3,21.72,0.17333333333333334,1,0.0,0.0,0.0,0.3333333333333333,0,0,0,0,0,0,2,0,1,0,0,0,0,1,2,1,12,2020,0,6.0,14.0,2.0
2020-12-09,182,20.430659340659343,0.18065934065934067,1,0.08791208791208792,0.06043956043956044,0.03296703296703297,0.33516483516483514,34,1,4,14,7,41,45,2,34,15,4,35,5,18,105,2,12,2020,0,3.0,4.0,24.0
2020-12-10,96,20.0071875,0.17020833333333332,1,0.0625,0.08333333333333333,0.0,0.4166666666666667,21,0,1,6,7,20,21,0,20,4,4,22,3,5,58,3,12,2020,0,182.0,16.0,10.0
2020-12-11,164,20.29432926829268,0.14920731707317073,1,0.054878048780487805,0.06707317073170732,0.018292682926829267,0.3170731707317073,34,0,3,22,5,26,39,0,35,7,12,30,10,13,92,4,12,2020,0,96.0,24.0,13.0
2020-12-14,5,20.146,0.182,1,0.2,0.2,0.0,0.2,1,0,0,0,0,2,1,0,1,0,0,1,0,0,4,0,12,2020,0,222.0,6.0,6.0
2020-12-15,3,18.036666666666665,0.04666666666666667,1,0.0,0.0,0.0,0.6666666666666666,0,0,0,1,1,0,1,0,0,0,0,1,0,2,0,1,12,2020,0,5.0,3.0,14.0
2020-12-16,152,20.544934210526314,0.2063157894736842,1,0.07236842105263158,0.06578947368421052,0.013157894736842105,0.29605263157894735,21,0,2,14,4,35,37,2,37,8,5,22,9,17,91,2,12,2020,0,3.0,182.0,4.0
2020-12-17,129,20.67325581395349,0.22263565891472867,1,0.05426356589147287,0.031007751937984496,0.015503875968992248,0.29457364341085274,27,2,3,11,4,23,36,0,23,9,8,22,6,17,67,3,12,2020,0,152.0,96.0,16.0
2020-12-18,186,20.516935483870967,0.1831182795698925,1,0.0967741935483871,0.06451612903225806,0.016129032258064516,0.3333333333333333,32,1,5,17,3,35,47,2,44,10,5,38,6,18,109,4,12,2020,0,129.0,164.0,24.0
2020-12-21,8,19.785,0.47,1,0.0,0.125,0.0,0.375,3,0,0,3,0,0,1,0,1,0,1,0,0,1,6,0,12,2020,0,273.0,5.0,6.0
2020-12-22,10,19.305,0.1,1,0.0,0.0,0.1,0.5,4,0,0,0,0,3,1,0,2,2,0,4,0,1,3,1,12,2020,0,8.0,3.0,3.0
2020-12-23,9,20.54111111111111,0.23111111111111113,1,0.0,0.0,0.0,0.2222222222222222,1,0,0,2,0,2,2,0,2,0,0,0,2,0,7,2,12,2020,0,10.0,152.0,182.0
2020-12-24,10,20.72,0.096,1,0.1,0.1,0.0,0.3,3,0,0,1,0,2,2,0,2,1,0,2,0,1,6,3,12,2020,0,9.0,129.0,96.0
2020-12-25,39,19.97025641025641,0.18487179487179486,1,0.10256410256410256,0.10256410256410256,0.05128205128205128,0.28205128205128205,9,0,0,2,0,10,9,0,9,4,4,7,1,4,19,4,12,2020,0,10.0,186.0,164.0
2020-12-28,38,19.91842105263158,0.23684210526315788,1,0.13157894736842105,0.05263157894736842,0.02631578947368421,0.2631578947368421,6,0,1,4,0,8,9,0,10,3,0,7,2,5,21,0,12,2020,0,15.0,8.0,5.0
2020-12-29,77,20.177142857142858,0.20259740259740258,1,0.05194805194805195,0.025974025974025976,0.0,0.33766233766233766,14,0,1,4,4,19,14,0,21,2,2,11,2,15,45,1,12,2020,0,38.0,10.0,3.0
2020-12-30,66,19.987272727272728,0.2113636363636364,1,0.13636363636363635,0.06060606060606061,0.015151515151515152,0.2727272727272727,8,0,1,6,2,12,23,1,13,5,4,9,1,4,43,2,12,2020,0,77.0,9.0,152.0
2020-12-31,76,20.09934210526316,0.1775,1,0.07894736842105263,0.05263157894736842,0.039473684210526314,0.40789473684210525,22,0,2,1,2,21,20,0,8,5,4,10,2,5,50,3,12,2020,0,66.0,10.0,129.0
2021-01-01,50,20.89,0.1032,1,0.06,0.06,0.06,0.38,13,0,3,4,2,9,9,0,10,5,2,9,1,8,25,4,1,2021,0,76.0,39.0,186.0
2021-01-04,84,20.59845238095238,0.2067857142857143,1,0.15476190476190477,0.09523809523809523,0.03571428571428571,0.44047619047619047,14,1,0,6,0,26,23,1,13,3,7,14,1,16,43,0,1,2021,0,38.0,38.0,8.0
2021-01-05,286,20.35562937062937,0.17503496503496505,1,0.06643356643356643,0.04195804195804196,0.0034965034965034965,0.3076923076923077,49,0,2,37,14,57,74,0,53,16,14,41,10,28,177,1,1,2021,0,84.0,77.0,10.0
2021-01-06,360,20.263833333333334,0.1587777777777778,1,0.06944444444444445,0.06388888888888888,0.019444444444444445,0.3111111111111111,70,2,9,42,16,56,88,0,77,19,23,63,12,48,195,2,1,2021,0,286.0,66.0,9.0
2021-01-07,415,20.201975903614457,0.20881927710843373,1,0.08674698795180723,0.06987951807228916,0.021686746987951807,0.2987951807228916,67,2,5,40,15,82,104,1,99,17,20,92,7,51,228,3,1,2021,0,360.0,76.0,10.0
2021-01-08,385,20.54194805194805,0.17594805194805194,1,0.08051948051948052,0.07792207792207792,0.02857142857142857,0.3220779220779221,63,1,8,36,13,72,105,1,86,14,16,71,17,39,228,4,1,2021,0,415.0,50.0,39.0
2021-01-11,172,20.62610465116279,0.18319767441860466,1,0.09883720930232558,0.08139534883720931,0.011627906976744186,0.29651162790697677,29,0,3,13,6,35,35,0,51,7,8,24,8,24,101,0,1,2021,0,106.0,84.0,38.0
2021-01-12,155,20.054193548387097,0.1681290322580645,1,0.05806451612903226,0.05161290322580645,0.03870967741935484,0.2709677419354839,26,1,3,14,5,34,41,0,31,10,8,24,3,15,95,1,1,2021,0,172.0,286.0,77.0
2021-01-13,332,20.48593373493976,0.17237951807228916,1,0.06927710843373494,0.05120481927710843,0.045180722891566265,0.27710843373493976,62,3,7,38,14,68,87,1,52,19,11,66,15,32,189,2,1,2021,0,155.0,360.0,66.0
2021-01-14,154,20.290194805194805,0.20928571428571432,1,0.11038961038961038,0.06493506493506493,0.05844155844155844,0.2792207792207792,29,1,5,21,7,29,43,0,19,10,6,26,3,12,97,3,1,2021,0,332.0,415.0,76.0
2021-01-15,296,20.423986486486488,0.1968918918918919,1,0.07094594594594594,0.06756756756756757,0.033783783783783786,0.2702702702702703,60,0,8,34,7,50,77,1,59,16,15,59,5,28,173,4,1,2021,0,154.0,385.0,50.0
2021-01-18,13,20.456153846153846,0.5538461538461539,1,0.0,0.0,0.0,0.38461538461538464,1,2,0,2,1,1,3,0,3,1,1,2,0,1,8,0,1,2021,0,73.0,172.0,84.0
2021-01-19,301,20.39215946843854,0.17764119601328904,1,0.07308970099667775,0.04318936877076412,0.036544850498338874,0.33222591362126247,54,3,3,36,11,42,78,3,71,15,15,67,5,31,168,1,1,2021,0,13.0,155.0,286.0
2021-01-20,213,20.451267605633802,0.1864319248826291,1,0.07042253521126761,0.03755868544600939,0.0,0.29577464788732394,46,0,2,21,4,42,55,1,42,12,16,34,13,23,115,2,1,2021,0,301.0,332.0,360.0
2021-01-21,196,20.292244897959186,0.20622448979591837,1,0.07653061224489796,0.04591836734693878,0.025510204081632654,0.34183673469387754,41,1,1,17,10,43,47,0,36,12,7,42,4,20,111,3,1,2021,0,213.0,154.0,415.0
2021-01-22,287,20.322857142857142,0.18491289198606273,1,0.06968641114982578,0.059233449477351915,0.013937282229965157,0.29965156794425085,52,3,4,22,7,59,81,2,57,15,23,41,9,35,164,4,1,2021,0,196.0,296.0,385.0
2021-01-25,8,20.037499999999998,0.0775,1,0.0,0.0,0.0,0.5,2,0,0,1,0,0,3,0,2,0,1,3,1,1,2,0,1,2021,0,23.0,13.0,172.0
2021-01-26,578,20.556557093425607,0.17508650519031144,1,0.07093425605536333,0.05536332179930796,0.01730103806228374,0.3096885813148789,108,3,5,69,14,116,140,2,121,29,31,110,14,56,338,1,1,2021,0,8.0,301.0,155.0
2021-01-27,355,20.224450704225355,0.12126760563380283,1,0.061971830985915494,0.04225352112676056,0.01971830985915493,0.2704225352112676,77,3,11,41,9,67,89,1,57,19,15,65,14,38,204,2,1,2021,0,578.0,213.0,332.0
2021-01-28,378,20.493386243386244,0.1580952380952381,1,0.07407407407407407,0.05555555555555555,0.018518518518518517,0.29894179894179895,72,0,9,29,12,73,93,0,90,18,26,72,14,29,219,3,1,2021,0,355.0,196.0,154.0
2021-01-29,554,20.279909747292418,0.19548736462093863,1,0.06498194945848375,0.05956678700361011,0.023465703971119134,0.3303249097472924,105,0,4,58,15,98,162,1,111,30,24,99,15,61,325,4,1,2021,0,378.0,287.0,296.0
2021-02-01,24,20.74416666666667,0.28958333333333336,1,0.08333333333333333,0.08333333333333333,0.041666666666666664,0.16666666666666666,5,0,0,1,1,12,2,0,3,1,1,2,0,4,16,0,2,2021,0,31.0,8.0,13.0
2021-02-02,484,20.382293388429755,0.16142561983471074,1,0.06818181818181818,0.03305785123966942,0.02066115702479339,0.35330578512396693,84,0,7,58,13,87,124,3,108,26,26,93,26,46,267,1,2,2021,0,24.0,578.0,301.0
2021-02-03,524,20.253454198473282,0.16062977099236642,1,0.06870229007633588,0.0648854961832061,0.03625954198473282,0.2862595419847328,95,5,7,61,17,98,151,2,88,23,27,116,19,53,286,2,2,2021,0,484.0,355.0,213.0
2021-02-04,479,20.455594989561586,0.1694572025052192,1,0.07724425887265135,0.07306889352818371,0.012526096033402923,0.3235908141962422,82,1,5,43,11,89,145,0,103,34,21,98,14,43,269,3,2,2021,0,524.0,378.0,196.0
2021-02-05,656,20.545548780487803,0.1838109756097561,1,0.07926829268292683,0.053353658536585365,0.013719512195121951,0.2926829268292683,109,4,10,60,25,150,174,3,121,33,26,128,36,60,373,4,2,2021,0,479.0,554.0,287.0
2021-02-08,23,19.911304347826086,0.2704347826086957,1,0.08695652173913043,0.043478260869565216,0.0,0.4782608695652174,5,0,0,3,2,5,3,0,5,1,0,8,2,2,10,0,2,2021,0,110.0,24.0,8.0
2021-02-09,435,20.35850574712644,0.15914942528735634,1,0.0735632183908046,0.06436781609195402,0.020689655172413793,0.34942528735632183,96,2,7,54,20,78,105,3,70,20,21,89,13,47,245,1,2,2021,0,23.0,484.0,578.0
2021-02-10,443,20.27474040632054,0.1996839729119639,1,0.08126410835214447,0.056433408577878104,0.033860045146726865,0.3431151241534989,75,6,2,47,14,91,113,1,94,14,21,78,19,53,258,2,2,2021,0,435.0,524.0,355.0
2021-02-11,379,20.162612137203165,0.15907651715039578,1,0.04221635883905013,0.052770448548812667,0.0316622691292876,0.26649076517150394,69,4,7,46,14,62,99,2,76,34,17,64,18,36,210,3,2,2021,0,443.0,479.0,378.0
2021-02-12,599,20.325943238731217,0.17826377295492488,1,0.0651085141903172,0.04674457429048414,0.018363939899833055,0.29549248747913187,113,1,5,65,15,113,153,1,133,34,41,112,25,70,317,4,2,2021,0,379.0,656.0,554.0
2021-02-15,7,21.534285714285716,0.4657142857142857,1,0.0,0.0,0.14285714285714285,0.42857142857142855,2,0,0,0,1,2,1,0,1,0,0,3,0,0,4,0,2,2021,0,39.0,23.0,24.0
2021-02-16,543,20.10961325966851,0.20502762430939225,1,0.08287292817679558,0.07550644567219153,0.03683241252302026,0.2946593001841621,89,5,11,57,19,105,141,1,115,42,28,97,18,56,302,1,2,2021,0,7.0,435.0,484.0
2021-02-17,499,20.34422845691383,0.18691382765531062,1,0.09018036072144289,0.052104208416833664,0.022044088176352707,0.2785571142284569,86,3,9,47,14,108,127,1,104,21,29,86,13,51,299,2,2,2021,0,543.0,443.0,524.0
2021-02-18,459,20.20777777777778,0.20396514161220045,1,0.05664488017429194,0.06318082788671024,0.015250544662309368,0.3137254901960784,97,2,5,43,13,80,138,3,78,31,26,83,17,54,248,3,2,2021,0,499.0,379.0,479.0
2021-02-19,753,20.38985391766268,0.15819389110225765,1,0.06772908366533864,0.05976095617529881,0.02390438247011952,0.31739707835325365,141,6,9,84,21,156,200,2,134,38,42,128,26,80,439,4,2,2021,0,459.0,599.0,656.0
2021-02-22,18,20.385,0.1922222222222222,1,0.0,0.1111111111111111,0.05555555555555555,0.1111111111111111,6,0,1,2,1,2,4,0,2,1,0,2,0,4,11,0,2,2021,0,45.0,7.0,23.0
2021-02-23,230,20.140652173913043,0.24082608695652175,1,0.08260869565217391,0.05652173913043478,0.017391304347826087,0.30434782608695654,50,3,3,21,8,43,57,1,44,12,13,37,12,29,127,1,2,2021,0,18.0,543.0,435.0
2021-02-24,117,20.632136752136752,0.1447008547008547,1,0.07692307692307693,0.05982905982905983,0.02564102564102564,0.2905982905982906,22,1,3,14,2,21,33,0,21,6,8,23,3,12,65,2,2,2021,0,230.0,499.0,443.0
2021-02-25,239,20.60928870292887,0.19489539748953974,1,0.06694560669456066,0.04602510460251046,0.02510460251046025,0.32217573221757323,42,4,5,24,7,55,59,2,41,11,14,43,6,23,142,3,2,2021,0,117.0,459.0,379.0
2021-02-26,351,20.4994301994302,0.16455840455840456,1,0.09116809116809117,0.06267806267806268,0.037037037037037035,0.27350427350427353,65,4,6,30,11,59,102,2,72,19,23,59,10,29,211,4,2,2021,0,239.0,753.0,599.0
2021-03-01,112,20.160446428571426,0.15321428571428572,1,0.03571428571428571,0.07142857142857142,0.017857142857142856,0.25,15,0,1,10,6,24,25,0,31,6,4,25,2,9,66,0,3,2021,0,36.0,18.0,7.0
2021-03-02,66,20.17060606060606,0.18348484848484847,1,0.07575757575757576,0.045454545454545456,0.015151515151515152,0.2878787878787879,15,0,0,5,1,13,20,1,11,7,3,7,7,8,34,1,3,2021,0,112.0,230.0,543.0
2021-03-03,211,20.33137440758294,0.15696682464454975,1,0.05687203791469194,0.07582938388625593,0.023696682464454975,0.3744075829383886,35,0,2,22,9,35,55,2,51,10,13,35,8,27,118,2,3,2021,0,66.0,117.0,499.0
2021-03-04,63,20.47873015873016,0.15095238095238095,1,0.047619047619047616,0.047619047619047616,0.015873015873015872,0.3492063492063492,9,1,0,5,1,18,15,2,12,3,6,7,3,9,35,3,3,2021,0,211.0,239.0,459.0
2021-03-05,92,20.33423913043478,0.12336956521739131,1,0.09782608695652174,0.07608695652173914,0.043478260869565216,0.30434782608695654,18,2,0,9,1,19,21,0,22,6,1,22,6,12,45,4,3,2021,0,63.0,351.0,753.0
2021-03-08,34,20.783823529411762,0.13294117647058826,1,0.11764705882352941,0.08823529411764706,0.0,0.2647058823529412,7,0,1,2,1,5,11,0,7,2,0,6,0,2,24,0,3,2021,0,51.0,112.0,18.0
2021-03-09,549,20.65610200364299,0.21214936247723132,1,0.060109289617486336,0.052823315118397086,0.018214936247723135,0.30783242258652094,102,2,7,61,19,103,145,2,108,26,29,105,25,66,298,1,3,2021,0,34.0,66.0,230.0
2021-03-10,432,20.396041666666665,0.21835648148148148,1,0.09490740740740741,0.09027777777777778,0.032407407407407406,0.3773148148148148,72,5,7,39,14,91,114,0,90,17,16,90,14,49,246,2,3,2021,0,549.0,211.0,117.0
2021-03-11,419,20.353675417661098,0.15785202863961814,1,0.06205250596658711,0.06682577565632458,0.014319809069212411,0.27923627684964203,63,3,5,46,16,89,101,2,94,23,16,80,16,38,246,3,3,2021,0,432.0,63.0,239.0
2021-03-12,340,20.401705882352942,0.17670588235294118,1,0.09705882352941177,0.07352941176470588,0.03529411764705882,0.3,71,1,8,25,10,54,91,1,79,22,16,63,10,38,191,4,3,2021,0,419.0,92.0,351.0
2021-03-15,102,20.40245098039216,0.12705882352941178,1,0.049019607843137254,0.049019607843137254,0.0196078431372549,0.3627450980392157,23,0,0,11,3,16,34,1,14,5,7,13,7,14,56,0,3,2021,0,45.0,34.0,112.0
2021-03-16,189,20.31957671957672,0.1538095238095238,1,0.05291005291005291,0.042328042328042326,0.021164021164021163,0.42328042328042326,32,0,3,22,2,33,57,0,40,11,7,39,8,13,111,1,3,2021,0,102.0,549.0,66.0
2021-03-17,139,19.918992805755398,0.16553956834532374,1,0.06474820143884892,0.03597122302158273,0.014388489208633094,0.31654676258992803,33,0,3,13,6,17,43,0,24,7,8,25,6,17,76,2,3,2021,0,189.0,432.0,211.0
2021-03-18,237,20.13940928270042,0.18936708860759494,1,0.07172995780590717,0.0759493670886076,0.016877637130801686,0.3206751054852321,41,1,7,24,3,49,60,0,52,14,18,49,9,13,134,3,3,2021,0,139.0,419.0,63.0
2021-03-19,125,20.24736,0.22256,1,0.112,0.08,0.048,0.36,19,0,1,17,5,26,30,0,27,10,4,25,3,13,70,4,3,2021,0,237.0,340.0,92.0
2021-03-22,48,19.912291666666665,0.28375,1,0.0625,0.041666666666666664,0.020833333333333332,0.2916666666666667,7,1,3,3,0,9,12,0,13,3,2,3,3,8,29,0,3,2021,0,5.0,102.0,34.0
2021-03-23,667,20.523148425787106,0.1775112443778111,1,0.05547226386806597,0.043478260869565216,0.02848575712143928,0.29985007496251875,120,5,11,69,35,127,162,2,136,37,32,126,25,80,367,1,3,2021,0,48.0,189.0,549.0
2021-03-24,186,20.567903225806454,0.17446236559139786,1,0.07526881720430108,0.05913978494623656,0.043010752688172046,0.2849462365591398,33,3,4,25,8,39,38,1,35,4,14,35,7,17,109,2,3,2021,0,667.0,139.0,432.0
2021-03-25,318,20.46893081761006,0.17562893081761008,1,0.07547169811320754,0.05660377358490566,0.025157232704402517,0.3113207547169811,54,2,8,37,8,67,77,1,64,12,11,64,9,35,187,3,3,2021,0,186.0,237.0,419.0
2021-03-26,182,20.15934065934066,0.2670879120879121,1,0.07142857142857142,0.06043956043956044,0.027472527472527472,0.3516483516483517,31,1,0,18,8,48,46,0,30,11,8,34,3,21,105,4,3,2021,0,318.0,125.0,340.0
2021-03-29,985,20.14017258883249,0.17423350253807107,1,0.0700507614213198,0.05989847715736041,0.019289340101522844,0.3116751269035533,181,5,11,97,21,209,264,4,193,61,48,205,29,100,542,0,3,2021,0,1.0,48.0,102.0
2021-03-30,733,20.257585266030013,0.20688949522510233,1,0.07639836289222374,0.06002728512960437,0.03137789904502047,0.30559345156889495,131,2,10,97,21,129,203,1,139,40,41,144,27,77,404,1,3,2021,0,985.0,667.0,189.0
2021-03-31,850,20.418482352941176,0.17642352941176473,1,0.06352941176470588,0.04588235294117647,0.01764705882352941,0.31882352941176473,154,3,14,90,31,151,227,1,179,42,47,163,33,83,482,2,3,2021,0,733.0,186.0,139.0
